Id,Name,UnitPrice
1,Build your own computer,1200.0
2,Digital Storm VANQUISH 3 Custom Performance PC,1259.0
3,Lenovo IdeaCentre 600 All-in-One PC,500.0
4,Apple MacBook Pro 13-inch,1800.0
5,Asus N551JK-XO076H Laptop,1500.0
6,Samsung Series 9 NP900X4C Premium Ultrabook,1590.0
7,HP Spectre XT Pro UltraBook,1350.0
8,HP Envy 6-1180ca 15.6-Inch Sleekbook,1460.0
9,Lenovo Thinkpad X1 Carbon Laptop,1360.0
10,Adobe Photoshop CS4,75.0
11,Windows 8 Pro,65.0
12,Sound Forge Pro 11 (recurring),54.99
13,Nikon D5500 DSLR,670.0
14,Nikon D5500 DSLR - Black,670.0
15,Nikon D5500 DSLR - Red,630.0
16,Leica T Mirrorless Digital Camera,530.0
17,Apple iCam,1300.0
18,HTC One M8 Android L 5.0 Lollipop,245.0
19,HTC One Mini Blue,100.0
20,Nokia Lumia 1020,349.0
21,Beats Pill 2.0 Wireless Speaker,79.99
22,Universal 7-8 Inch Tablet Cover,39.0
23,Portable Sound Speakers,37.0
24,Nike Floral Roshe Customized Running Shoes,40.0
25,adidas Consortium Campus 80s Running Shoes,27.56
26,"Nike SB Zoom Stefan Janoski ""Medium Mint""",30.0
27,Nike Tailwind Loose Short-Sleeve Running Shirt,15.0
28,Oversized Women T-Shirt,24.0
29,Custom T-Shirt,15.0
30,Levi's 511 Jeans,43.5
31,Obey Propaganda Hat,30.0
32,Reversible Horseferry Check Belt,45.0
33,Ray Ban Aviator Sunglasses,25.0
34,Night Visions,2.8
35,If You Wait (donation),0.0
36,Science & Faith,0.0
37,Fahrenheit 451 by Ray Bradbury,27.0
38,First Prize Pies,51.0
39,Pride and Prejudice,24.0
40,Elegant Gemstone Necklace (rental),30.0
41,Flower Girl Bracelet,360.0
42,Vintage Style Engagement Ring,2100.0
43,$25 Virtual Gift Card,25.0
44,$50 Physical Gift Card,50.0
45,$100 Physical Gift Card,100.0
46,Samsung A7,3.0
47,Cửa Hàng Thời Trang,5.0
48,Lightstick BLACKPINK,20.0
49,Giày Sneaker Unisex Sk8 Hi Vans - Navy,20.0
50,A7,3.0
51,TÊN SẢN PHẦM,0.0
52,BLACKPINK 2ND MINI ALBUM [KILL THIS LOVE],30.0
53,[10TH] Bigbang Light Stick Head,18.0
54,Bạn Đắt Giá Bao Nhiêu?,3.0
55,Tuổi 20 tôi đã sống như một bông hoa dại,2.0
56,Nhà Giả Kim,2.1
57,Ống hút giấy,2.0
58,Giấy nảy mầm,2.0
59,Hành Trình Về Phương Đông,2.0
60,Hộp Ống Hút Tre - Hộp 5 ống,2.0
61,Sống Thực Tế Giữa Đời Thực Dụng,3.0
62,Ống hút gạo OCHAO 500 Gram,3.0
63,Bông tắm sơ mướp,1.5
64,Ống hút cỏ bàng khô - Hộp 500 ống,20.0
65,Tony Buổi Sáng - Trên Đường Băng,2.0
66,Ống hút kim loại,0.0
67,Bàn chải tre,1.5
68,Giới Hạn Của Bạn Chỉ Là Xuất Phát Điểm Của Tôi,2.5
69,Bình giữ nhiệt kim loại,20.0
70,Vải sáp ong,5.0
71,Hộp bã mía,1.0
72,Túi rác sinh học,3.0
73,Ống Hút Kim Loại Bằng Thép Không Gỉ,2.0
74,Ly Giấy Dùng Một Lần EDO TH7526,15.0
75,Xà phòng handmade Coco-Secret Coffee 110gram,1.5
76,Ống hút giấy - copy,2.0
77,Túi Vải Gấp Gọn Thông Minh Bảo Vệ Môi Trường,1.7000000000000002
78,Nhóm test,2.0
79,Giày Sneaker Unisex Converse Chuck Taylor All Star 1970s Black/w 2018,18.0
80,GIÀY CONVERSE SUNFLOWER THẤP CỔ SF,11.0
81,Giày Sneaker Unisex Converse Chuck Taylor All Star 1970s White/w 2018 SF,15.0
82,Giày Sneaker Unisex Sk8 Hi Vans - Black,20.0
83,Xiaomi Redmi Go,77.0
84,Xiaomi Redmi 7 16GB,129.0
85,Xiaomi Mi A2 Lite,189.0
86,Xiaomi Redmi Note 6 Pro 32GB,215.0
87,Xiaomi Redmi Note 7 64GB,215.0
88,Xiaomi Redmi Note 6 Pro 64GB,245.0
89,Xiaomi Mi 8 Lite 6GB/128GB,289.0
90,Xiaomi Mi 8,560.0
91,Giày Sneaker Unisex Sk8 Hi Vans - True White,20.0
92,Combo Hoa ban,24.0
93,Dép cói,5.0
94,Strap dây điện thoại Blackpink,1.0
95,Bình đựng nước,6.0
96,Móc khóa BTS phát sáng BTS mẫu B,2.0
97,Túi mây hình thang,24.0
98,Đĩa lá lớn tre cuốn,6.0
99,Túi xách tay,13.0
100,Túi cói,6.0
101,Quần Baggy Jean Nữ,0.0
102,Quần Baggy Jean Nữ,0.0
103,Quần Jean Baggy Nữ B & Y,7.0
104,Thú bông Baby Kookie JungKook doll BTS bản mini,15.0
105,Balo BTS thông minh màu xanh,10.0
106,Converse đen cổ thấp,22.0
107,Converse đen cổ thấp,22.0
108,Giày Sneaker Adidas Superstar Nam Nữ Rubber Da Trơn White/Trắng,25.0
109,Converse vàng bạch kim,19.0
110,Vans,25.0
111,Puma,20.0
112,New Banlance 580,20.0
113,Jordan Retro,17.0
114,nike air force 1 low,20.0
115,Skerchers,17.0
116,Converse classic xám,20.0
117,Nike Air Max,18.0
118,Converse đỏ cổ cao,20.0
119,Quần Jeans Nữ B&Y,9.0
120,Quai vải,2.0
121,Ống hút inox,3.0
122,Hộp bã mía,5.0
123,Giấy nảy mầm,3.0
124,Túi giấy,3.0
125,Aó Sơ Mi Form Rộng Dáng Dài B&Y,8.0
126,Aó Thun B&Y,3.0
127,Bàn chải tre,2.0
128,LeBleu Homestay dành cho 4 người,30.04
129,Le Bleu Homestay dành cho 4 người,30.04
130,Đầm Suông B&Y,12.0
131,LeBleu Homestay dành cho 2 người,17.17
132,Chân Váy B&Y,7.0
133,HẠT GIỐNG SEN NHẬT,1.3
134,HẠT GIỐNG SEN NHẬT,1.3
135,Quần Short Kaki ống rộng B&Y,2.5
136,HẠT GIỐNG KIWI,0.0
137,Tre Homestay Phòng riêng,17.17
138,Combo Hoa Ban,24.0
139,Thời Bao Cấp Homestay Phòng Dorm,3.43
140,Thời Bao Cấp Homestay Phòng Đơn,6.86
141,Legume Homestay Phòng Bungalow 2 người,17.17
142,Legume Homestay Phòng Bungalow 4 người,25.75
143,Gậy Cổ Vũ Unoff Lightstick Seventeen,21.0
144,Peaceminusone cap Gdragon - pea001,6.0
145,Áo ikon,8.0
146,Gối Rj gối ôm BTS,7.0
147,Gối Ôm Vuông BTS GVKC060,8.0
148,Balo thời trang Troy - Bigbang,10.0
149,Ống hút inox,1.0
150,Cốc xếp lúa mạch thân thiện môi trường,3.0
151,Ống hút tre,0.0
152,Bàn chải tre,2.0
153,Bộ thìa đũa dĩa làm từ lúa mạch,5.0
154,Dép cói,5.0
155,Túi mây hình thang,24.0
156,Túi xách tay,13.0
157,Quai vải,2.0
158,Hộp bã mía,5.0
159,Giấy nảy mầm,3.0
160,Túi giấy,3.0
161,Basic tee 1,14.0
162,Bơ Sáp Đà Lạt,4.27
163,Bưởi Năm Roi Vĩnh Long,0.89
164,Chôm Chôm Tiền Giang,0.99
165,Chuối Ngự - Nam Định,1.25
166,Dâu Tây Đà Lạt,5.5600000000000005
167,Tank top 01,15.0
168,Denim Jeans,20.8
169,Short Jeans 01,18.0
170,Short Jeans 02,18.0
171,Bamboo Straw,0.1
172,Dip Dye Sweater,17.0
173,Basic Jogger In Black,20.0
174,Bamboo Basket,6.0
175,iPhone Xs Max 64GB,1070.0
176,Set inox straw,1.0
177,Canvas Bag,2.0
178,Bamboo Toothbrush,1.0
179,Samsung Galaxy Note 8,429.0
180,Beverage Steeve Bag,1.0
181,OPPO F11,300.0
182,Samsung Galaxy A70,385.0
183,Huawei P30 Lite,278.0
184,Paper Coffee Cup,0.5
185,Circle Straw Bag,2.0
186,Grass Straw,1.0
187,Cam Canh Hà Nội,2.5
188,Chuối Ngự - Nam Định,1.2
189,Mận Hậu - Sơn La,9.2
190,Nhãn Lồng Hưng Yên,11.99
191,Vải Thiều Thanh Hà,10.99
192,Diamond Promise Ring 1/5 ct tw Round-cut Sterling Silver,150.0
193,Diamond Promise Ring 1/15 ct tw Sterling Silver,149.99
194,Promise Ring Diamond Accent Sterling Silver,99.0
195,Diamond Heart Promise Ring 1/20 ct tw Round Sterling Silver,119.0
196,Black/White Diamonds 1/5 ct tw Promise Ring Sterling Silver,279.0
197,Diamond Promise Ring 1/15 ct tw Round-cut Sterling Silver,129.0
198,Diamond Promise Ring 1/4 ct tw Round-cut Sterling Silver,399.0
199,Diamond Promise Ring 1/6 ct tw Round-cut 10K White Gold,399.99
200,Promise Ring 1/10 ct tw Diamonds Sterling Silver/10K Gold,179.0
201,Diamond Promise Ring 1/6 ct tw Round-cut 10K White Gold,649.0
202,Diamond Promise Ring 1/5 ct tw Round/Baguette 10K Rose Gold,599.99
203,Promise Ring 1/10 ct Diamond 10K White Gold,499.0
204,Promise Ring 1/6 ct tw Diamonds Sterling Silver/10K Gold,269.0
205,Diamond Promise Ring 1/10 ct tw Round-cut Sterling Silver,179.0
206,Three-Stone Promise Ring 1/6 ct tw Diamonds 10K White Gold,429.0
207,Stackable Diamond Ring 1/8 ct tw Diamonds Sterling Silver,179.0
208,Blue & White Diamonds 1/8 ct tw Round-cut Sterling Silver Promise Ring,199.0
209,Diamond Promise Ring 1/5 ct tw Round-cut Sterling Silver,289.0
210,Black/White Diamond Promise Ring 1/10 ct tw Sterling Silver,149.0
211,Diamond Promise Ring 1/20 ct tw Round-cut Sterling Silver,149.99
212,Diamond Promise Ring 1/6 ct tw Round-cut 10K White Gold,399.99
213,Diamond Promise Ring 1/4 ct tw Round/Baguette 10K White Gold,529.0
214,Diamond Promise Ring 1/6 ct tw Black/White Sterling Silver,159.0
215,Diamond Promise Ring 1/5 ct tw Round-cut Sterling Silver,289.0
216,Diamond Promise Ring 1/5 ct tw Round-cut Sterling Silver,289.0
217,Diamond Promise Ring 1/8 ct tw Round-cut Sterling Silver Ring,229.0
218,Heart Promise Ring 1/5 ct tw Diamonds Sterling Silver,299.0
219,Diamond Promise Ring 1/6 ct tw Round-cut Sterling Silver,249.99
220,Diamond Promise Ring 1/10 ct tw Round-cut Sterling Silver,179.0
221,Diamond Promise Ring 1/8 ct tw Round-cut Sterling Silver,249.0
222,Black/White Diamond Promise Ring 1/5 ct tw Sterling Silver,239.0
223,Diamond Promise Ring 1/6 ct tw Round-cut Sterling Silver,299.99
224,Diamond Ring 1/5 ct tw Sterling Silver/10K Rose Gold,499.99
225,Diamond Promise Ring 1/10 ct tw Round-cut 10K White Gold,329.0
226,Diamond Promise Ring 1/2 ct tw Round-cut 10K White Gold,1099.0
227,Diamond Promise Ring 1/6 ct tw Round-cut 10K Rose Gold,429.0
228,Diamond Promise Ring 1/8 ct tw Round-cut 10K Rose Gold,359.0
229,Diamond Promise Ring 1/8 ct tw Round-cut Sterling Silver,229.0
230,Diamond Promise Ring 1/4 ct tw Pear/Round 10K Yellow Gold,699.99
231,Black/White Diamond Promise Ring 1/8 ct tw Sterling Silver,189.0
232,Diamond Promise Ring 1/5 ct tw Round-cut Sterling Silver,299.99
233,Diamond Promise Ring 1/10 ct tw Round-cut 10K White Gold,359.0
234,3-Stone Promise Ring 1/6 ct tw Diamonds Sterling Silver,279.0
235,Diamond Heart Promise Ring 1/10 cttw Round-cut Sterling Silver/10K Gold,229.0
236,Black & White Diamond Promise Ring 1/6 ct tw Sterling Silver,219.0
237,Diamond Promise Ring 1/4 ct tw Round-cut Sterling Silver,399.99
238,Black/White Diamond Promise Ring 1/6 ct tw Sterling Silver,179.0
239,Diamond Promise Ring 1/15 Carat Round-cut Sterling Silver,139.0
240,Hallmark Diamonds Promise Ring 1/4 ct tw Sterling Silver,449.99
241,Diamond Promise Ring 1/4 ct tw Round-cut 10K White Gold,497.399
242,Diamond Heart Promise Ring 1/6 ct tw Round-cut 10K Yellow Gold,399.99
243,Diamond Promise Ring 1/8 ct tw Round-cut Sterling Silver,179.0
244,Diamond Promise Ring 1/6 ct tw Round-cut Sterling Silver,229.0
245,Diamond Promise Ring 1/6 ct tw Round-cut 10K Yellow Gold,429.0
246,Hallmark Diamonds Amethyst Promise Ring 1/10 ct tw Sterling Silver & 10K Rose Gold,299.99
247,Diamond Promise Ring 1/10 ct tw Round-cut Sterling Silver,179.0
248,Diamond Promise Ring 1/5 ct tw Round/Baguette 10K White Gold,549.0
249,Promise Ring 1/5 ct tw Diamonds Sterling Silver/10K Rose Gold,479.0
250,Diamond Promise Ring 1/6 ct tw Round-cut 10K Rose Gold,499.99
251,Diamond Promise Ring 1/8 ct tw Round-cut Sterling Silver,249.0
252,Diamond Promise Ring 1/6 ct tw Round-cut 10K Two-Tone Gold,499.99
253,Diamond Promise Ring 1/6 ct tw Blue/White 10K Rose Gold,419.0
254,Diamond Promise Ring 1/6 ct tw Round-cut 10K Yellow Gold,529.0
255,Diamond Promise Ring 1/4 ct tw Round-cut 10K Rose Gold,699.99
256,Infinity Symbol Ring 1/6 ct tw Diamonds Sterling Silver,299.0
257,Hallmark Diamonds Lab-Created Blue Sapphire Promise Ring 1/10 ct tw Sterling Silver & 10K Rose Gold,299.99
258,Diamond Promise Ring 1/10 ct tw Baguette & Round-cut 10K Yellow Gold,299.99
259,Hallmark Diamonds Swiss Blue Topaz Promise Ring 1/10 ct tw Sterling Silver & 10K Rose Gold,299.99
260,Men's Diamond Band 1-1/2 ct tw Round-cut 10K White Gold,3999.99
261,Mother & Child Ring 1/20 cttw Diamonds Sterling Silver/10K Gold,159.0
262,THE LEO Diamond Ring 1 ct tw Round-cut 14K White Gold,2999.99
263,Everything You Are Diamond Ring 1-3/4 ct tw 10K White Gold,5339.99
264,Mom Ring 1/5 ct tw Diamonds Sterling Silver,299.0
265,Le Vian Chocolatier Ring 1-1/3 ct tw Diamonds 14K Vanilla Gold,11297.5
266,Diamond Ring 1/10 ct tw Round-cut Sterling Silver,199.99
267,Diamond Ring 1/6 ct tw 10K White Gold,279.99
268,Diamond Heart Ring 1/2 ct tw Round-cut 10K White Gold,999.99
269,Bone Infinity Ring 1/20 ct tw Blue Diamonds Sterling Silver,79.99
270,Diamond Leaf Ring 1/10 ct tw Round-cut 10K Rose Gold,399.0
271,Diamond Ring 1/15 ct tw Round-cut 10K Rose Gold,469.0
272,Diamond Ring 1/4 ct tw Princess/Round Sterling Silver,289.0
273,Diamond North South Ring 1/2 ct tw Round-cut 10K White Gold,1099.0
274,Diamond Ring 1/4 ct tw Round-cut 10K White Gold,499.99
275,Diamond Heart Ring 1/20 ct tw Sterling Silver,99.99
276,Le Vian Chocolate Diamond Ring 3/8 ct tw 14K Gold,1299.99
277,Diamond Heart/Infinity Ring 1/6 ctw 10K Two-Tone Gold,399.0
278,Everything You Are Diamond Ring 1/2 ct tw 14K White Gold,1699.99
279,Diamond Ring 3/4 ct tw 10K White Gold,899.99
280,Leo Zodiac Ring 1/10 ct tw Diamonds Sterling Silver,149.99
281,Blue & White Diamond Ring 1/4 ct tw Round-cut Sterling Silver,259.0
282,Le Vian Chocolate & Nude Diamond Ring 1 ct tw 14K Gold,1519.96
283,Diamond Flower Ring 1/20 Carat Round-cut Sterling Silver,149.0
284,Diamond Woven Ring 1/8 ct tw Round-cut Sterling Silver,199.0
285,"Disney Treasures ""Bambi"" Diamond Ring 1/10 ct tw Sterling Silver & 10K Rose Gold",299.99
286,Diamond Ring 3/4 ct tw Round-cut 10K White Gold,1379.0
287,Heart Ring 1/20 cttw Diamonds Sterling Silver/10K Two-Tone Gold,229.0
288,Le Vian Diamond Butterfly Ring 5/8 ct tw 14K Honey Gold,2499.99
289,Everything You Are Diamond Ring 1 ct tw 10K Yellow Gold,2699.99
290,Le Vian Nude and Chocolate Diamond Ring 1/4 ct tw 14K Honey Gold,799.99
291,Diamond Message Ring 1/8 ct tw Sterling Silver/10K Rose Gold,279.0
292,Le Vian Men's Diamond Ring 7/8 ct tw 14K Honey Gold,2999.99
293,Men's Diamond Ring 2 ct tw Round-cut 10K Yellow Gold,2999.99
294,Le Vian Chocolate Diamond Paw Print Ring 5/8 ct tw 14K Gold,1699.99
295,Everything You Are Diamond Ring 2 ct tw 10K White Gold,6899.99
296,Le Vian Chocolate Diamond Ring 1/5 ct tw 14K Strawberry Gold,699.0
297,Diamond Ring 1/8 ct tw Princess/Round 10K White Gold,649.0
298,Heart Ring 1/5 ct tw Diamonds 10K Two-Tone Gold,479.0
299,Diamond Ring 1/10 ct tw Round-cut 10K White Gold,299.0
300,Diamond Teardrop Ring 1/15 ct tw Round-cut 10K White Gold,499.0
301,Everything You Are Diamond Ring 1 ct tw 10K White Gold,2699.99
302,Diamond Ring 1/2 ct tw Round-cut 10K White Gold,999.0
303,Everything You Are Diamond Ring 1-1/2 ct tw 10K White Gold,3999.99
304,Diamond Fashion Ring 1/3 Carat tw 10K White Gold,829.0
305,Diamond Leaf/Vine Ring 1/6 ct tw Round-cut 10K Yellow Gold,429.0
306,Diamond Heart Ring 1/15 ct tw Round-cut Sterling Silver,179.99
307,Everything You Are Diamond Ring 1/2 ct tw 10K Yellow Gold,1339.99
308,Everything You Are Diamond Ring 1-3/4 ct tw 14K White Gold,5999.99
309,Diamond Ring 1/10 ct tw Round-cut 10K Rose Gold,239.99
310,Le Vian Diamond Ring 3/8 ct tw 14K Honey Gold,1299.99
311,Le Vian Diamond Ring 7/8 ct tw Round-cut 14K Honey Gold,1999.99
312,Le Vian Aquamarine Ring 1/6 ct tw Diamonds 14K Vanilla Gold,1999.99
313,Le Vian Chocolate Quartz Ring 1/4 ct tw Diamonds 14K Gold,1339.99
314,Le Vian Amethyst & Iolite Ring 5/8 ct tw Diamonds 14K Gold,599.99
315,Le Vian Amethyst Ring 14K Vanilla Gold,699.99
316,Le Vian Diamond Ring 1 ct tw 14K Strawberry Gold,2499.99
317,Le Vian Natural Ruby Ring 14K Strawberry Gold,749.0
318,Le Vian Aquaprase & Diamond Ring 1/3 ct tw 14K Strawberry Gold,3299.99
319,Le Vian Chocolatier Ring 1-1/3 ct tw Diamonds 14K Vanilla Gold,11297.5
320,Le Vian Opal Ring 1/5 ct tw Diamonds 14K Strawberry Gold,1699.99
321,Le Vian Quartz & Diamond Ring 1/3 ct tw 14K Vanilla Gold,1399.99
322,Le Vian Couture Tanzanite Ring 1-5/8 ct tw Diamonds 18K Strawberry Gold,47297.0
323,Le Vian Aquamarine Ring 1/6 ct tw Diamonds 14K Vanilla Gold,1999.99
324,Men's Diamond & Lab-Created Ruby Lion Ring 1/2 ct tw Round-cut 10K Yellow Gold,2199.0
325,Men's Onyx & Diamond Ring 1/10 ct tw 10K Yellow Gold,899.99
326,White Lab-Created Sapphire Ring Pear/Round-cut Sterling Silver,699.99
327,Neil Lane Morganite Engagement Ring 3/8 ct tw Diamonds 14K Gold,2399.0
328,Natural Sapphire Ring 1/8 ct tw Diamonds 10K White Gold,899.99
329,Aquamarine & Diamond Ring 10K White Gold,349.99
330,Disney Treasures The Nightmare Before Christmas Black Onyx & Diamond Ring 1/5 ct tw Sterling Silver,329.99
331,Ethiopian Opal & Diamond Ring 1/10 ct tw 10K Rose Gold,699.99
332,Lab-Created Pink Opal Heart Ring Sterling Silver,99.99
333,Blue Sapphire & Diamond Dainty Flower Ring Round-cut 10K Yellow Gold,499.99
334,Le Vian Opal Ring 1/5 ct tw Diamonds 14K Strawberry Gold,1699.99
335,Natural Ruby Ring 1/15 ct tw Diamonds 10K Yellow Gold,699.99
336,Garnet Ring Diamond Accents 10K Yellow Gold,299.99
337,Tanzanite Ring Sterling Silver,2499.99
338,8mm Natural Sapphire Wedding Band White Tungsten Carbide,349.99
339,Cultured Pearl Ring 1/15 ct tw Diamonds Sterling Silver,2499.99
340,Lab-Created Ruby & White Lab-Created Sapphire Ring Sterling Silver,699.99
341,Blue Topaz Ring 1/6 ct tw Diamonds 10K White Gold,699.99
342,Diamond Anniversary Band 1/20 ct tw Round-cut 10K White Gold,159.99
343,Diamond Wedding Band 1/15 ct tw Round-cut 10K White Gold,279.99
344,Stackable Diamond Ring 1/8 ct tw Diamonds Sterling Silver,179.0
345,Crown Ring Lab-Created White Sapphires Sterling Silver,99.99
346,Stackable Ring Sterling Silver,21.99
347,Diamond Wedding Band 1/6 Carat tw 10K Rose Gold,359.99
348,Diamond Eternity Ring 2 ct tw Round-cut 14K White Gold,3199.2
349,Anniversary Band 1/4 ct tw Diamonds 10K White Gold,399.2
350,Diamond Wedding Band 1/20 ct tw 10K White Gold,224.0
351,Diamond Anniversary Ring 1/10 ct tw Round-cut 10K White Gold,239.2
352,Black Silicone Women's Wedding Band,23.99
353,Stackable Heart Ring Diamond Accents Sterling Silver,74.99
354,Stackable Ring Fleur-de-Lis Sterling Silver,42.0
355,Stackable Butterfly Ring Lab-Created Sapphire Sterling Silver,79.99
356,Stackable Ring Lab-Created Sapphire Sterling Silver,79.99
357,Stackable Ring Sterling Silver,42.99
358,Stackable Ring Sterling Silver,28.99
359,Sapphire Ring 1/10 ct tw Diamonds 10K White Gold,699.99
360,Wedding Band 14K Yellow Gold,480.0
361,Neil Lane Diamond Wedding Band 1/4 ct tw 14K White Gold,719.99
362,Diamond Anniversary Band 1/4 cttw Round/Baguette 14K Gold,599.2
363,Stackable Ring Lab-Created Pink Sapphire Sterling Silver,149.99
364,Neil Lane Ruby Anniversary Band 1/6 ct tw Diamonds 14K Gold,1079.99
365,Hallmark Diamonds Heart Necklace 1/2 ct tw Sterling Silver 18,799.99
366,Hallmark Diamonds Heart Necklace 1/15 ct tw Sterling Silver,179.99
367,"Everything You Are Diamond Heart Necklace 1/2 ct tw 10K White Gold 18""",799.99
368,"Diamond Heart Necklace 1/10 ct tw Round-cut Sterling Silver 18""",80.0
369,Diamond Heart Necklace 1/6 ct tw Black/White Sterling Silver,159.0
370,Black Diamond Necklace 1/15 carat tw 10K Rose Gold,229.0
371,"Lab-Created Emerald & White Lab-Created Sapphire Heart Necklace Sterling Silver 18""",99.99
372,Heart Necklace 1/20 ct tw Diamonds 10K White Gold,279.0
373,Heart Necklace 1/15 ct tw Diamonds Sterling Silver/10K Gold,259.0
374,"Lab-Created Opal & White Lab-Created Sapphire 'Mom' Heart Necklace Sterling Silver 18""",79.99
375,Diamond Heart Boxed Set 1/2 ct tw Sterling Silver,399.99
376,"Cultured Pearl & White Lab-Created Sapphire Heart Necklace Sterling Silver 18""",99.99
377,"Diamond XO Necklace 1/10 ct tw Sterling Silver 18""",199.99
378,Angel Locket Necklace Black Diamond Accents Sterling Silver,84.99
379,"Heart Paw Print Necklace 14K Yellow Gold 16""-18"" Adjustable",599.99
380,"Lab-Created Ruby MOM Heart Necklace Sterling Silver 18""",149.99
381,"Lab-Created Emerald & White Lab-Created Sapphire 'Mom' Heart Necklace Sterling Silver 18""",79.99
382,"Lab-Created Emerald MOM Necklace Sterling Silver 18""",149.99
383,"Blue & White Lab-Created Sapphire 'I Love You Mom' Necklace Sterling Silver 18""",99.99
384,Diamond Heart Necklace 3/4 carat tw 14K White Gold,1999.0
385,Le Vian Chocolate Diamonds 1/8 ct tw Necklace 14K Honey Gold,1049.0
386,Diamond Heart Necklace 1/5 ct tw Round-cut 10K Two-Tone Gold,849.0
387,Diamond Heart Necklace 1/15 ct tw Round-cut 10K Rose Gold,199.99
388,"Garnet MOM Heart Necklace Sterling Silver 18""",179.99
389,"Natural Ruby Necklace 1/5 ct tw Diamonds 10K Rose Gold 17""",899.99
390,Mom Heart Necklace 14K Yellow Gold 16 to 18 Adjustable,549.99
391,Heart Station Necklace 14K Yellow Gold,449.99
392,"Godiva x Le Vian Ruby Heart Necklace 3/8 ct tw Diamonds 14K Strawberry Gold 19""",1999.99
393,Unstoppable Love Necklace Lab-Created Sapphire Sterling Silver,149.99
394,"Godiva x Le Vian Diamond Heart Necklace 3/8 ct tw 14K Honey Gold 19""",1599.99
395,"Diamond Heart Necklace 1/4 ct tw Round-Cut 10K Yellow Gold 18""",499.99
396,"Forever Connected Diamond Heart Necklace 1/4 ct tw Pear & Round-cut 10K White Gold 18""",699.99
397,Hallmark Diamonds Necklace 1/10 ct tw Sterling Silver/10K Gold,249.99
398,Heart Necklace with Diamonds Sterling Silver/10K Rose Gold,99.99
399,"Disney Treasures The Nightmare Before Christmas Diamond Necklace 1/5 ct tw Sterling Silver 17""",299.99
400,Heart Necklace Diamond Accents 10K Rose Gold,179.0
401,"Lab-Created Ruby & White Lab-Created Sapphire Heart Necklace Sterling Silver 18""",179.99
402,Footprints Heart Locket Sterling Silver,69.99
403,Amethyst Heart Necklace With Diamond Accent Sterling Silver,149.99
404,Diamond Heart Necklace Sterling Silver,149.99
405,"Circle of Gratitude Diamond Heart Necklace 1/10 ct tw Round-cut 10K Rose Gold 19""",599.99
406,Blue/White Diamond Necklace 1/6 ct tw Sterling Silver,259.0
407,"Diamond Heart Necklace 1 ct tw 10K White Gold 18""",1499.99
408,Heart Necklace Diamond Accents Sterling Silver,59.99
409,"Hallmark Diamonds Mom Necklace 1/20 ct tw 10K Rose Gold Sterling Silver 18""",89.99
410,Unstoppable Love Heart Necklace Sterling Silver,79.99
411,"Diamond Heart Necklace 1/10 ct tw Round-Cut 10K Yellow Gold 18""",299.99
412,Heart Necklace Diamond Accents 10K Yellow Gold,179.0
413,Hallmark Diamonds Heart Necklace Diamond Accents Sterling Silver,129.99
414,"Children's Disney Princess Crown Necklace 14K Yellow Gold 13""",199.99
415,Color Stone Family Moon and Stars Necklace,125.0
416,Silver Color Stone Family Dog Tag Necklace,137.0
417,Color Stone Couple's Necklace,463.0
418,Nameplate Butterfly Necklace,495.0
419,Nameplate Heart Necklace,200.0
420,1/8 Ct. tw Diamond Nameplate Heart Necklace,125.0
421,1/6 Ct. tw Diamond Initials Couple's Heart Necklace,394.0
422,Color Stone Mrs. Necklace,346.0
423,Color Stone Nameplate Mrs. Necklace,348.0
424,Color Stone Nameplate Mrs. Necklace,185.0
425,"Forever Connected Diamond Necklace 1/3 ct tw Round/Princess 10K Yellow Gold 18""",799.99
426,"Forever Connected Diamond Necklace 1/3 ct tw Pear/Round-Cut 10K Yellow Gold 18""",799.99
427,"Encircled by Love Diamond Necklace 1/3 ct tw Round-cut 10K Yellow Gold 18""",999.99
428,"Men's Cuban Curb Chain Necklace 6 ct tw Diamonds 10K Yellow Gold 22""",1699.99
429,"Lab-Created Diamonds by KAY Cross Necklace 1/2 ct tw Round-Cut 14K Yellow Gold 18""",799.99
430,"Hallmark Diamonds Cross Necklace 1/8 ct tw 10K Yellow Gold 18""",599.99
431,"Disney Treasures Winnie the Pooh Diamond Necklace 1/6 ct tw 10K Two-Tone Gold 17""",419.99
432,"Paperclip Necklace 10K Yellow Gold 18""",799.99
433,"Cuban Chain Necklace 10K Yellow Gold 24""",1199.99
434,"Rope Necklace 10K Yellow Gold 24"" Length",269.0
435,"Miami Cuban Chain Necklace 10K Yellow Gold 22"" Length",4199.99
436,"Men's Diamond Mariner Necklace 4 ct tw Round-cut 10K Yellow Gold 22""",6299.99
437,Diamond Cross Necklace 1/15 ct tw Round-cut 10K Yellow Gold,299.99
438,"Rope Necklace 10K Yellow Gold 20"" Length",259.0
439,"Rope Chain Necklace 14K Yellow Gold 26"" Length",2649.99
440,Cross Necklace 1/10 ct tw Diamonds Sterling Silver/10K Gold,219.0
441,"16"" Adjustable Rope Chain 14K Yellow Gold Appx. 1.2mm",249.99
442,"Children's Minnie Mouse Pink Cubic Zirconia Necklace 14K Yellow Gold 13""",199.99
443,"Box Chain 14K Yellow Gold 20"" Length",1299.99
444,Deer Necklace 1/10 ct tw Diamonds Sterling Silver/10K Gold,249.0
445,"Hollow Figaro Chain 14K Yellow Gold 24""",419.99
446,Lab-Created Emerald Necklace with Diamonds 10K Yellow Gold,399.99
447,Diamond Star Necklace 1/2 ct tw Round-cut 10K Yellow Gold 20,779.99
448,"Beaded Cable Chain Necklace 14K Yellow Gold 16"" Length",399.99
449,"Disney Treasures Winnie the Pooh Diamond Necklace 1/20 ct tw Sterling Silver & 10K Yellow Gold 17""",349.99
450,Paw Print Necklace 1/10 ct tw Diamonds Sterling Silver/10K Gold,209.0
451,Triangle Necklace 14K Yellow Gold,499.99
452,Starfish Necklace Diamond Accents 10K Yellow Gold,249.0
453,"Le Vian Diamond Heart Necklace 1/4 ct tw 14K Honey Gold 18""",1099.99
454,"Curb Link Necklace 10K Two-Tone Gold 22"" Length",4299.99
455,"Cultured Pearl Necklace 1/15 ct tw Diamonds 14K Yellow Gold 17""",599.99
456,"Children's Cross Necklace 14K Yellow Gold 15""",149.99
457,"Diamond Fashion Necklace 1/3 ct tw Round-cut 10K Yellow Gold 18""",549.99
458,"Le Vian Diamond Butterfly Necklace 3/4 ct tw 14K Honey Gold 18""",2999.99
459,Lab-Created Emerald Necklace 1/6 ct tw Diamonds 10K Yellow Gold,599.99
460,Pisces Zodiac Necklace 1/10 ct tw Diamonds 10K Yellow Gold,329.0
461,Shipwheel & Compass Layered Necklace 14K Yellow Gold,699.99
462,Lab-Created Opal Necklace 1/20 ct tw Diamonds 10K Yellow Gold,499.99
463,Le Vian Cultured Pearl Necklace 1/4 ct tw Diamonds 14K Gold,1499.99
464,Bar Necklace 14K Yellow Gold,499.99
465,Citrine Necklace 1/15 ct tw Diamonds 10K Yellow Gold,299.99
466,Key Necklace 14K Yellow Gold,199.99
467,"Heart Paw Print Necklace 14K Yellow Gold 16""-18"" Adjustable",599.99
468,"""Love"" Necklace 14K Yellow Gold 16"" to 18"" Adjustable",399.99
469,Diamond Cross Necklace 10K Yellow Gold,339.0
470,Diamond Necklace 3/4 ct tw 10K Yellow Gold/Stainless Steel,599.6
471,Diamond Star Necklace 1/4 ct tw Round-cut 10K Yellow Gold,419.99
472,"Opal & Diamond Necklace 1/20 ct tw 10K Yellow Gold 18""",699.99
473,Le Vian Natural Emerald Necklace 1/5 ct tw Diamonds 14K Gold,1299.99
474,Le Vian Emerald Necklace 3/8 ct tw Diamonds 14K Honey Gold,1749.99
475,Diamond Cross Necklace 1/4 ct tw Round-cut 10K Yellow Gold,619.0
476,Leo Zodiac Necklace 1/10 ct tw Diamonds 10K Yellow Gold,329.0
477,Diamond Necklace 1/3 ct tw Round-cut 14K Yellow Gold,699.0
478,"Disney Treasures Mickey & Minnie Mouse Garnet & Diamond Necklace 1/8 ct tw Sterling Silver 17""",249.99
479,"Cultured Pearl & White Lab-Created Sapphire Vine Necklace Sterling Silver 18""",249.99
480,Amethyst Heart Necklace Diamond Accents Sterling Silver,129.99
481,Amethyst Heart Necklace Tanzanites & Diamonds 10K White Gold,599.99
482,Dog Necklace Lab-Created Sapphire Sterling Silver/10K Rose Gold,99.99
483,"Godiva x Le Vian Ruby Heart Necklace 3/8 ct tw Diamonds 14K Strawberry Gold 19""",1999.99
484,Unstoppable Love Necklace Lab-Created Sapphire Sterling Silver,149.99
485,Le Vian Quartz Boxed Set 14K Strawberry Gold-Electroplate,199.0
486,"Aquamarine & White Lab-Created Sapphire Necklace Sterling Silver 18""",69.99
487,"Amethyst & White Lab-Created Sapphire 'Mom' Heart Necklace Sterling Silver 18""",79.99
488,"Lab-Created Ruby & White Lab-Created Sapphire Heart Necklace Sterling Silver 18""",179.99
489,Amethyst & White Lab-Created Sapphire Boxed Set Sterling Silver,179.99
490,"Cultured Pearl & White Topaz Raindrop Necklace Sterling Silver 18""",129.99
491,Blue Topaz Necklace 1/10 ct tw Diamonds Sterling Silver,299.99
492,"Opal Necklace Diamond Accent 10K Rose Gold 18""",599.99
493,Lab-Created Opal and White Topaz Necklace Sterling Silver,249.99
494,"Lab-Created Emerald & White Lab-Created Sapphire Heart Necklace Sterling Silver 18""",99.99
495,"Children's Minnie Mouse Pink Cubic Zirconia Necklace 14K Yellow Gold 13""",199.99
496,Heart Necklace Lab-Created Sapphire Sterling Silver/10K Gold,129.99
497,Amethyst Necklace Sterling Silver,179.99
498,Citrine & Diamond Necklace Sterling Silver,179.99
499,Le Vian Morganite Necklace 1/10 ct tw Diamonds 14K Strawberry Gold,1299.99
500,"Amethyst & White Topaz Necklace Sterling Silver 18""",179.99
501,Amethyst Heart Necklace With Diamond Accent Sterling Silver,149.99
502,Love Necklace Lab-Created Ruby Sterling Silver,99.99
503,"Lab-Created Opal & White Lab-Created Sapphire 'Mom' Heart Necklace Sterling Silver 18""",79.99
504,Lab-Created Opal Circle Necklace Sterling Silver,179.99
505,Cultured Pearl Necklace Sapphires/Diamonds 10K White Gold,399.99
506,Peacock Necklace Blue & White Topaz Sterling Silver,129.99
507,"Forever Connected Diamond Necklace 1/3 ct tw Round/Princess 10K Yellow Gold 18""",799.99
508,"Forever Connected Diamond Necklace 1 ct tw Round/Pear 10K White Gold 18""",2499.99
509,"Encircled by Love Diamond Necklace 1/3 ct tw Round-cut 10K Yellow Gold 18""",999.99
510,"Disney Treasures Winnie the Pooh Diamond Necklace 1/6 ct tw 10K Two-Tone Gold 17""",419.99
511,"Disney Treasures Winnie the Pooh ""Eeyore"" Diamond Necklace 1/15 ct tw Sterling Silver & 10K Rose Gold 17""",349.99
512,"Diamond Solitaire Necklace 1/4 ct tw Round-cut 10K White Gold 18""",629.0
513,Angel Wing Necklace 1/10 ct tw Diamond Sterling Silver/10K Gold,189.0
514,Turtle Necklace 1/10 ct tw Diamonds 10K White Gold,299.0
515,"Forever Connected Diamond Necklace 1/5 ct tw Round/Pear Sterling Silver 18""",399.99
516,"Forever Connected Diamond Heart Necklace 1/4 ct tw Pear & Round-cut 10K White Gold 18""",699.99
517,"Forever Connected Diamond Necklace 1/4 ct tw Round/Pear 10K White Gold 18""",699.99
518,"Forever Connected Diamond Necklace 1/2 ct tw Round/Pear 10K White Gold 18""",1299.99
519,"Forever Connected Diamond Necklace 1 ct tw Round/Pear 10K White Gold 18""",2499.99
520,"Forever Connected Diamond Necklace 1/3 ct tw Round/Princess 10K Yellow Gold 18""",799.99
521,"Forever Connected Diamond Necklace 1/4 ct tw Pear/Round-Cut 10K White Gold 18""",699.99
522,"Forever Connected Diamond Necklace 1/3 ct tw Pear/Round-Cut 10K Yellow Gold 18""",799.99
523,"Forever Connected Diamond Necklace 1/4 ct tw Round-Cut 10K White Gold 18""",699.99
524,"Forever Connected Diamond Necklace 1 ct tw Round/Princess 10K White Gold 18""",2499.99
525,"Forever Connected Diamond Necklace 1/2 ct tw Round/Princess 10K White Gold 18""",1299.99
526,"Forever Connected Diamond Necklace 1 ct tw Round-Cut 14K White Gold 18""",2499.99
527,"Forever Connected Diamond Necklace 1/4 ct tw Princess/Round-Cut 10K White Gold 18""",699.99
528,"Forever Connected Diamond Necklace 1 ct tw Round/Pear 10K White Gold 18""",2499.99
529,"Forever Connected Diamond Necklace 1/2 ct tw Round/Pear 10K White Gold 18""",1299.99
530,"Forever Connected Diamond Necklace 1/2 ct tw Round-Cut 10K White Gold 18""",1199.99
531,"Disney Treasures The Nightmare Before Christmas Diamond Necklace 1/5 ct tw Sterling Silver & 10K Rose Gold 17""",0.0
532,"Disney Treasures 101 Dalmatians Black & White Diamond Necklace 1/10 ct tw Sterling Silver & 10K Rose Gold 17""",68.99
533,"Disney Treasures The Lion King Diamond Necklace 1/10 ct tw Sterling Silver & 10K Yellow Gold 17""",329.99
534,"Disney Treasures Winnie the Pooh ""Tigger"" Diamond Necklace 1/10 ct tw Sterling Silver & 10K Yellow Gold 17""",449.99
535,"Disney Treasures Mickey & Minnie Mouse Garnet & Diamond Necklace 1/8 ct tw Sterling Silver 17""",249.99
536,"Disney Treasures Winnie the Pooh Mother of Pearl & Diamond Heart Necklace 1/8 ct tw Sterling Silver & 10K Two-Tone Gold 17""",449.99
537,"Disney Treasures The Aristocats Diamond Necklace 1/10 ct tw Sterling Silver & 10K Rose Gold 17""",249.99
538,"Star Wars Grogu Necklace 1/10 ct tw Diamonds Sterling Silver 18""",299.99
539,"Disney Treasures Alice in Wonderland ""Cheshire Cat"" Diamond & Amethyst Necklace 1/10 ct tw Sterling Silver/10K Rose Gold",399.99
540,"Disney Treasures The Aristocats Diamond Necklace 1/10 ct tw Sterling Silver & 10K Rose Gold 18""",349.99
541,"Disney Treasures Mickey Mouse Lab-Created Opal & Diamond Necklace Sterling Silver 17""",0.0
542,"Disney Treasures Toy Story ""Jessie"" Diamond Necklace 1/15 ct tw Sterling Silver & 10K Rose Gold 17""",499.99
543,Unstoppable Love Necklace Lab-Created Sapphire Sterling Silver,149.99
544,"Unstoppable Love Necklace 1/10 ct tw Sterling Silver 19""",199.99
545,"Unstoppable Love Necklace 1/2 ct tw 10K White Gold 19""",1199.99
546,"Unstoppable Love Necklace 1/2 ct tw 10K White Gold 19""",1199.99
547,Unstoppable Love Heart Necklace Sterling Silver,79.99
548,Unstoppable Love Necklace Lab-Created Sapphires Sterling Silver,99.99
549,"Unstoppable Love Necklace 1 ct tw 14K White Gold 19""",2499.99
550,Unstoppable Love 1/6 ct tw Necklace Sterling Silver Angel,319.0
551,Unstoppable Love Necklace Amethyst Sterling Silver,149.99
552,Previously Owned Necklace 3/4 ct tw Diamonds 14K White Gold,659.7
553,Unstoppable Love 1/20 ct tw Necklace Sterling Silver Flamingo,149.0
554,Unstoppable Love 1/20 ct tw Necklace Sterling Silver Dog,0.0
555,"Unstoppable Love Ruby Necklace 1/10 ct tw Diamonds Sterling Silver 19""",199.99
556,Forever Connected Diamond Hoop Earrings 3/8 ct tw Princess/Round 10K Yellow Gold,999.99
557,Le Vian Diamond Hoop Earrings 1 ct tw Round-cut 14K Honey Gold,2799.99
558,Open Tube Twist Hoop Earrings 10K Yellow Gold,249.99
559,Twist Hoop Earrings 14K Yellow Gold,329.99
560,Diamond Hoop Earrings 1/2 ct tw Round-cut 10K White Gold,1199.99
561,Everything You Are Diamond Hoop Earrings 3/4 ct tw 10K White Gold,1299.99
562,Twist Hoop Earrings 14K Yellow Gold 20mm,249.99
563,Diamond Hoop Earrings 1/2 ct tw Round-cut 10K White Gold,599.99
564,Italian Oval Glitter Hoop Earrings 14K Yellow Gold,299.99
565,Diamond Hoop Earrings 1/10 ct tw Round-cut Sterling Silver,199.99
566,Continuous Hoop Earrings 14K Yellow Gold 30mm,199.99
567,Hoop Earrings Lab-Created Sapphires Sterling Silver,129.99
568,Diamond Hoop Earrings 1 ct tw Round-Cut Sterling Silver,199.99
569,Diamond Heart Hoop Earrings 1/4 ct tw Round-cut Sterling Silver,249.99
570,Diamond Hoop Earrings Sterling Silver,69.99
571,Children's Cubic Zirconia Huggie Earrings 14K Yellow Gold,129.99
572,Child's Hoop Earrings 14K Yellow Gold,39.99
573,Hoop Earrings 14K Yellow Gold,149.99
574,Hoop Earrings 14K Yellow Gold 18mm,79.99
575,Hoop Earrings 14K Yellow Gold 20mm,199.99
576,Etched Hoop Earrings 14K Yellow Gold 35mm,349.99
577,Woven Heart Hoop Earrings 14K Yellow Gold,199.99
578,Men's Diamond Huggie Earrings 1/3 ct tw Round/Baguette 10K Yellow Gold,699.99
579,Geometric Hoop Earrings 14K Yellow Gold,349.99
580,Oval Diamond Cut Hoop Earrings 14K Yellow Gold,249.99
581,Children's Butterfly Hoop Earrings 14K Yellow Gold,79.99
582,Stamped Textured Fashion Hoop Earrings 14K Yellow Gold,149.99
583,Hoop Earrings 14K Yellow Gold,46.99
584,Children's Hoop Earrings 14K Yellow Gold,34.99
585,Children's Small Hoop Earrings 14K Yellow Gold,79.99
586,Hoop Earrings 14K Yellow Gold 30mm,299.99
587,Stamped Textured Heart Hoop Earrings 14K Yellow Gold,99.99
588,Children's Hoop Earrings 14K Two-Tone Gold,54.99
589,Amethyst Dainty Hoop Earrings Sterling Silver,99.99
590,Hoop Earrings 14K Yellow Gold 25mm,499.99
591,Men's Diamond Angular Huggie Hoop Earrings 3/4 ct tw Round-cut 10K Yellow Gold,1399.99
592,Men's Diamond Ankh Earrings 1/4 ct tw Round-cut 10K Yellow Gold,599.99
593,Layered Three-Circle Drop Earrings 10K Yellow Gold,299.99
594,Drop Earrings 14K Yellow Gold,179.99
595,Opal & Diamond Earrings 1/20 ct tw 10K Yellow Gold,599.99
596,Brazilian Garnet Earrings 1/10 ct tw Diamonds 10K Yellow Gold,599.99
597,Lab-Created Ruby Earrings Lab-Created Sapphires Sterling Silver,89.99
598,Lab-Created Opal Lab-Created Sapphires Sterling Silver Earrings,129.99
599,Amethyst & White Lab-Created Sapphire Drop Earrings 10K Rose Gold,499.99
600,Le Vian Couture Diamond Earrings 18K Two-Tone Gold,34597.5
601,Flower Earrings 14K Yellow Gold,303.99
602,Lab-Created Ruby Earrings Sterling Silver 10K Yellow Gold,129.99
603,Le Vian Multi-Gemstone Earrings 1/10 ct tw Diamonds 14K Honey Gold,1139.99
604,Encircled by Love Diamond Stud Earrings 1/5 ct tw Round-cut 10K Yellow Gold,499.99
605,Encircled by Love Diamond Earrings 1/4 ct tw Round-cut 10K Rose Gold,499.99
606,Disney Treasures The Aristocats Diamond Earrings 1/10 ct tw Sterling Silver & 10K Rose Gold,249.99
607,Diamond Solitaire Earrings 1/4 ct tw Sterling Silver,379.0
608,Butterfly Earrings 14K Yellow Gold,192.99
609,Children's Stud Earrings Boxed Set 14K Yellow Gold,149.99
610,THE LEO Diamond Earrings 1/2 ct tw Round-cut 14K White Gold,1499.99
611,Le Vian Opal Earrings 1/5 ct tw Diamonds 14K Strawberry Gold,839.99
612,Le Vian Couture Diamond Earrings 18K Two-Tone Gold,34597.5
613,Le Vian Garnet Earrings 1/5 ct tw Diamonds 14K Strawberry Gold,839.99
614,Le Vian Denim Ombre Hoop Earrings 14K Vanilla Gold,1609.99
615,Le Vian Emerald Earrings 1/4 ct tw Diamonds 14K Honey Gold,1019.99
616,Le Vian Diamond Earrings 1-1/3 ct tw 14K Honey Gold,2309.99
617,Le Vian Diamond Earrings 3/8 ct tw 14K Honey Gold,1299.99
618,Le Vian Amethyst & Iolite Earrings 1/5 ct tw Diamonds 14K Strawbery Gold,779.99
619,Le Vian Chocolate Diamonds 1/4 ct tw Earrings 14K Honey Gold,1049.0
620,Laptop Lenovo IdeaPad Slim 3 15ALC6 R3 5300U/8GB/512GB/15.6''FHD/Win 11,1000.0
621,"Laptop Dell Inspiron 15 N3511 i3 1115G4/4GB/256GB/15.6""FHD/Win 11+Office HS 21",1200.0
622,"Laptop Dell Inspiron N3505 R3 3250U/8GB/256GB/15.6""FHD/Win 10/NK",900.0
623,Laptop Acer Aspire A315 57G 31YD i3 1005G1/4GB/256GB SSD/Nvidia MX330 2GB/Win10,856.0
624,Laptop Acer Aspire 3 A315-58-35AG i3 1115G4/4GB/256GB SSD/15.6''FHD/Win11,750.0
625,"Laptop Dell Inspiron N3502 Pentium N5030/4GB/128GB/15.6""HD/Intel HD/Win 10/NK",780.0
626,"Laptop HP 14s-cf2527TU i3-10110U/4GB/256GB/14.0""HD/Win 11",650.0
627,Laptop Asus Vivobook X415EA-EB935W i3 1115G4/8GB/256GB SSD/Win11,698.0
628,Laptop Asus VivoBook A415EA-EB1750W i3 1125G4/8GB/256GB SSD/Win11,897.0
629,Laptop Acer Aspire 3 A315-58-35AG i3 1115G4/4GB/256GB SSD/15.6''FHD/Win11,756.0
630,"Laptop Acer Aspire 3 A315-56-38B1 i3 1005G1/4GB/256GB/15.6""FHD/Win11",875.0
631,Laptop Lenovo IdeaPad Slim 3 15ALC6 R3 5300U/8GB/512GB/15.6''FHD/Win 11,968.0
632,"Laptop Lenovo IdeaPad Slim 3 15ITL6 i3 1115G4/8GB/512GB/15.6""FHD/Win 11",987.0
633,"Laptop HP 240 G8 Pentium N5030/4GB/256GB/14.0""HD/Win 10",987.0
634,iPhone 13 Pro Max 128GB,1020.0
635,Xiaomi Redmi Note 11S 6GB - 128GB,698.0
636,Samsung Galaxy S22 Ultra 5G 128GB,536.0
637,iPhone 11 64GB,365.0
638,OPPO Reno6 Z 5G,254.0
639,TECNO SPARK 7 2GB-32GB,354.0
640,Samsung Galaxy Z Fold3 5G 256GB,368.0
641,Vans UltraRange EXO Lace Up Sneaker,91.0
642,Women's Cole Haan GrandPro Tennis Sneaker,130.0
643,Men's Brooks Addiction Walker 2 Walking Sneaker,129.0
644,Women's Brooks Adrenaline GTS 21 Running Shoe,129.0
645,MEN DRY-EX Crew Neck Short Sleeve T-Shirt (Cotton Like),58.0
646,Uniqlo U AIRism Cotton Crew Neck Oversized T-Shirt,19.0
647,Diamond Promise Ring 1/5 carat tw 10K White Gold,599.0
648,Diamond Promise Ring 1/10 ct tw Baguette & Round-cut 10K White Gold,299.99
649,Diamond Oval Promise Ring 1/4 ct tw Round-cut Sterling Silver,349.99
650,Hallmark Diamonds Ring 1/5 ct tw Sterling Silver & 10K Rose Gold,449.99
651,1/10 Carat t.w. Diamond Promise Ring,116.32
652,1/20 Carat t.w. Black and white Diamond Promise Ring,122.0
653,Le Vian Tanzanite Ring 3/8 ct tw Diamonds 14K Vanilla Gold,1749.99
654,Le Vian Tanzanite Ring 1/2 ct tw Diamonds 14K Strawberry Gold,1499.99
655,Le Vian Grape Amethyst Ring 1/8 ct tw Diamonds 14K Strawberry Gold,1189.99
656,Emerald & 1/10 ct tw Diamond Ring 10K White Gold,999.99
657,Amethyst & White Topaz Ring 10K Rose Gold,699.99
658,Lab-Created Emerald Ring Diamond Accents 10K Yellow Gold,299.99
659,Amethyst & Diamond Twist Ring 1/10 ct tw 10K Rose Gold,599.99
660,Lab-Created Emerald Ring with Diamonds 10K Yellow Gold,279.99
661,Le Vian Morganite Ring 1 ct tw Diamonds 14K Strawberry Gold,1749.99
662,Blue Topaz Ring 1/15 ct tw Diamonds 10K White Gold,349.99
663,Diamond Eternity Ring 1 ct tw Round-cut 14K Yellow Gold,1599.2
664,Diamond Heart Necklace 10K Rose Gold,299.99
665,"Lab-Created Ruby & Lab-Created White Sapphire Heart Necklace Sterling Silver 18""",129.99
666,"Diamond Necklace 1/15 ct tw Sterling Silver/10K Rose Gold 18""",199.99
667,Whale Necklace 10K Yellow Gold,229.0
668,Le Vian Blue Topaz Necklace 1/3 ct tw Diamonds 14K Gold,899.99
669,"Everything You Are Diamond Necklace 3/4 ct tw 10K White Gold 18""",1999.99
670,The Pirates: The Last Royal Treasure,50.0
671,Howl’s Moving Castle,10.0
672,Spirited Away,12.0
673,Escape From Mogadishu,8.0
674,Don't Look Up,15.0
675,Red Notice,6.0
676,Miracle: Letters to the President,5.0
677,The Bombardment,2.0
678,The Weekend Away,3.0
679,Surviving Paradise: A Family Tale,4.5
680,레드슈즈,4.0
681,Minions,4.0
682,The Croods: A New Age,4.2
683,Mission: Impossible - Fallout,2.0
684,"The Gangster, The Cop, The Devil",1.0
685,The Notebook,1.0
686,About Time,2.0
687,Bird Box,1.0
688,Snowpiercer,2.0
689,Edge of Tomorrow,1.0
690,Ponyo,3.0
691,Escape Room,4.0
